cle,texte_fr,fr_singulier,emplacement,zone,utilisation,type,fragment_ou_phrase,variables,pluriel,elision,visible,aria,impression,export,ht,ht_singulier,en,en_singulier,es,es_singulier,action_requise
Accès Campus pour un mémoire,Accès Campus pour un mémoire,,jour() L190,jour,visible,phrase,phrase,,,,oui,,,,Aksè Campus pou yon memwa,Aksè Campus pou yon memwa,Campus access for a thesis,Campus access for a thesis,Acceso Campus para una tesina,Acceso Campus para una tesina,relecture kreyòl
Agrégat Atmart,Agrégat Atmart,,valeurBrute() L866,valeurBrute,visible,libelle,phrase,,,,oui,,,,Chif ansanm Atmart,Chif ansanm Atmart,Atmart aggregate,Atmart aggregate,Agregado Atmart,Agregado Atmart,relecture kreyòl
Agrégat sur {n} communes,Agrégat sur {n} communes,Agrégat sur {n} commune,agregat() L776,agregat,visible+impression,phrase,phrase,n,oui,,oui,,oui,,Chif ansanm sou {n} komin,Chif ansanm sou {n} komin,Aggregate over {n} communes,Aggregate over {n} commune,Agregado sobre {n} comunas,Agregado sobre {n} comuna,relecture kreyòl
Ajouter à la comparaison,Ajouter à la comparaison,,blocResume() L396,fiche,visible+impression,phrase,phrase,,,,oui,,oui,,Mete nan konparezon an,Mete nan konparezon an,Add to comparison,Add to comparison,Añadir a la comparación,Añadir a la comparación,relecture kreyòl
"Ajoutez au moins deux territoires. Depuis une fiche, le bouton « Ajouter à la comparaison » ; ou cherchez un territoire dans la barre ci-dessus puis ajoutez-le. Jusqu'à {max} territoires, communes et départements mélangés.","Ajoutez au moins deux territoires. Depuis une fiche, le bouton « Ajouter à la comparaison » ; ou cherchez un territoire dans la barre ci-dessus puis ajoutez-le. Jusqu'à {max} territoires, communes et départements mélangés.",,rendreComparaison() L920,comparaison,visible+aria+impression,phrase,phrase,max,,,oui,oui,oui,,"Mete omwen de teritwa. Depi nan yon fich, klike bouton « Mete nan konparezon an » ; oswa chèche yon teritwa nan bar anwo a epi mete l. Ou ka mete jiska {max} teritwa, komin ak depatman melanje.","Mete omwen de teritwa. Depi nan yon fich, klike bouton « Mete nan konparezon an » ; oswa chèche yon teritwa nan bar anwo a epi mete l. Ou ka mete jiska {max} teritwa, komin ak depatman melanje.","Add at least two territories. From a profile, use the “Add to comparison” button; or search for a territory in the bar above and add it. Up to {max} territories, communes and departments mixed.","Add at least two territories. From a profile, use the “Add to comparison” button; or search for a territory in the bar above and add it. Up to {max} territories, communes and departments mixed.","Añada al menos dos territorios. Desde una ficha, use el botón «Añadir a la comparación»; o busque un territorio en la barra de arriba y añádalo. Hasta {max} territorios, comunas y departamentos mezclados.","Añada al menos dos territorios. Desde una ficha, use el botón «Añadir a la comparación»; o busque un territorio en la barra de arriba y añádalo. Hasta {max} territorios, comunas y departamentos mezclados.",relecture kreyòl
Ajouté à la comparaison ✓,Ajouté à la comparaison ✓,,pret() L1216,chrome,visible,phrase,phrase,,,,oui,,,,Mete nan konparezon an ✓,Mete nan konparezon an ✓,Added to comparison ✓,Added to comparison ✓,Añadido a la comparación ✓,Añadido a la comparación ✓,relecture kreyòl
Aller plus bas que la commune,Aller plus bas que la commune,,blocVerrou() L701,fiche,visible,phrase,phrase,,,,oui,,,,Desann pi ba pase komin nan,Desann pi ba pase komin nan,Go below the commune,Go below the commune,Bajar por debajo de la comuna,Bajar por debajo de la comuna,relecture kreyòl
Arrondissement,Arrondissement,,jour() L143,niveaux,visible,vocabulaire,phrase,,,,oui,,,,Awondisman,Awondisman,Arrondissement,Arrondissement,Distrito,Distrito,relecture kreyòl
Aucun résultat exact. {n} suggestions proches.,Aucun résultat exact. {n} suggestions proches.,Aucun résultat exact. {n} suggestion proche.,afficherResultats() L290,recherche,visible+aria,phrase,phrase,n,oui,,oui,oui,,,Nou pa jwenn egzakteman sa w mande a. Men {n} ki pre.,Nou pa jwenn egzakteman sa w mande a. Men {n} ki pre.,No exact match. {n} close suggestions.,No exact match. {n} close suggestion.,Sin coincidencia exacta. {n} sugerencias cercanas.,Sin coincidencia exacta. {n} sugerencia cercana.,relecture kreyòl
Aucun résultat.,Aucun résultat.,,afficherResultats() L292,recherche,visible+aria,libelle,phrase,,,,oui,oui,,,Nou pa jwenn anyen.,Nou pa jwenn anyen.,No results.,No results.,Sin resultados.,Sin resultados.,relecture kreyòl
Aucun territoire ne correspond à « {q} ».,Aucun territoire ne correspond à « {q} ».,,afficherResultats() L283,recherche,visible+aria,phrase,phrase,q,,,oui,oui,,,Nou pa jwenn okenn teritwa ki rele « {q} ».,Nou pa jwenn okenn teritwa ki rele « {q} ».,No territory matches “{q}”.,No territory matches “{q}”.,Ningún territorio coincide con «{q}».,Ningún territorio coincide con «{q}».,relecture kreyòl
Aucun territoire sélectionné.,Aucun territoire sélectionné.,,rendreComparaison() L917,comparaison,visible+aria+impression,phrase,phrase,,,,oui,oui,oui,,Ou poko chwazi okenn teritwa.,Ou poko chwazi okenn teritwa.,No territory selected.,No territory selected.,Ningún territorio seleccionado.,Ningún territorio seleccionado.,relecture kreyòl
Aucune lacune connue.,Aucune lacune connue.,,blocLacunes() L593,fiche,visible+impression,phrase,phrase,,,,oui,,oui,,Nou pa konnen okenn twou.,Nou pa konnen okenn twou.,No known gaps.,No known gaps.,No se conocen vacíos.,No se conocen vacíos.,relecture kreyòl
Aucune.,Aucune.,,blocOrganisations() L651,admin,visible,libelle,phrase,,,,oui,,,,Pa gen okenn.,Pa gen okenn.,None.,None.,Ninguna.,Ninguna.,relecture kreyòl
Avant d'intervenir sur {n} : {phrase} Le score de complétude vous dit d'avance sur quoi votre diagnostic reposera — et sur quoi il ne reposera pas.,Avant d'intervenir sur {n} : {phrase} Le score de complétude vous dit d'avance sur quoi votre diagnostic reposera — et sur quoi il ne reposera pas.,,jour() L175,jour,visible,phrase,phrase,n phrase,,,oui,,,,Anvan ou entèvni nan {n} : {phrase} Nòt konplè a fè w konnen davans sou ki baz dyagnostik ou pral kanpe — epi sou ki sa li p ap kanpe.,Anvan ou entèvni nan {n} : {phrase} Nòt konplè a fè w konnen davans sou ki baz dyagnostik ou pral kanpe — epi sou ki sa li p ap kanpe.,Before intervening in {n}: {phrase} The completeness score tells you in advance what your assessment will rest on — and what it will not.,Before intervening in {n}: {phrase} The completeness score tells you in advance what your assessment will rest on — and what it will not.,Antes de intervenir en {n}: {phrase} El índice de completitud le dice de antemano en qué se apoyará su diagnóstico — y en qué no.,Antes de intervenir en {n}: {phrase} El índice de completitud le dice de antemano en qué se apoyará su diagnóstico — y en qué no.,relecture kreyòl
"Carte de situation : contour national du CNIGS simplifié, centres officiels des communes. Cliquez un point pour ouvrir sa fiche.","Carte de situation : contour national du CNIGS simplifié, centres officiels des communes. Cliquez un point pour ouvrir sa fiche.",,blocCarte() L498,carte,visible+aria,phrase,phrase,,,,oui,oui,,,"Kat sitiyasyon : kontou peyi a soti nan CNIGS, senplifye, ak sant ofisyèl komin yo. Klike sou yon pwen pou louvri fich li.","Kat sitiyasyon : kontou peyi a soti nan CNIGS, senplifye, ak sant ofisyèl komin yo. Klike sou yon pwen pou louvri fich li.","Locator map: simplified CNIGS national outline, official commune centres. Click a point to open its profile.","Locator map: simplified CNIGS national outline, official commune centres. Click a point to open its profile.","Mapa de situación: contorno nacional del CNIGS simplificado, centros oficiales de las comunas. Haga clic en un punto para abrir su ficha.","Mapa de situación: contorno nacional del CNIGS simplificado, centros oficiales de las comunas. Haga clic en un punto para abrir su ficha.",relecture kreyòl
Ce que l'on sait publiquement de {n} : {phrase} Tout ceci est libre et téléchargeable.,Ce que l'on sait publiquement de {n} : {phrase} Tout ceci est libre et téléchargeable.,,jour() L197,jour,visible,phrase,phrase,n phrase,,,oui,,,,"Sa tout moun ka konnen sou {n} : {phrase} Tout bagay sa yo gratis, ou ka telechaje yo.","Sa tout moun ka konnen sou {n} : {phrase} Tout bagay sa yo gratis, ou ka telechaje yo.",What is publicly known about {n}: {phrase} All of it is free to download.,What is publicly known about {n}: {phrase} All of it is free to download.,Lo que se sabe públicamente de {n}: {phrase} Todo ello es libre y descargable.,Lo que se sabe públicamente de {n}: {phrase} Todo ello es libre y descargable.,relecture kreyòl
Ce qui le débloquerait,Ce qui le débloquerait,,blocLacunes() L575,fiche,visible+impression,phrase,phrase,,,,oui,,oui,,Sa ki ta debloke l,Sa ki ta debloke l,What would unlock it,What would unlock it,Qué lo desbloquearía,Qué lo desbloquearía,relecture kreyòl
Ce qui reste à documenter,Ce qui reste à documenter,,blocLacunes() L569,fiche,visible+impression,phrase,phrase,,,,oui,,oui,,Sa ki poko dokimante,Sa ki poko dokimante,What remains undocumented,What remains undocumented,Lo que falta documentar,Lo que falta documentar,relecture kreyòl
Ce qui reste à documenter ({n}),Ce qui reste à documenter ({n}),,blocResume() L394,fiche,visible+impression,phrase,phrase,n,,,oui,,oui,,Sa ki poko dokimante ({n}),Sa ki poko dokimante ({n}),Still undocumented ({n}),Still undocumented ({n}),Lo que falta documentar ({n}),Lo que falta documentar ({n}),relecture kreyòl
Centre (WGS84),Centre (WGS84),,blocTechnique() L637,fiche,visible,libelle,phrase,,,,oui,,,,Sant (WGS84),Sant (WGS84),Centre (WGS84),Centre (WGS84),Centro (WGS84),Centro (WGS84),relecture kreyòl
Cet indicateur est déjà un taux ou une densité : le normaliser n'aurait pas de sens. Les valeurs brutes sont affichées.,Cet indicateur est déjà un taux ou une densité : le normaliser n'aurait pas de sens. Les valeurs brutes sont affichées.,,classement() L1040,classement,visible+impression,phrase,phrase,,,,oui,,oui,,Endikatè sa a deja yon to oswa yon dansite : nòmalize l pa t ap gen sans. Se valè brit yo k ap parèt.,Endikatè sa a deja yon to oswa yon dansite : nòmalize l pa t ap gen sans. Se valè brit yo k ap parèt.,This indicator is already a rate or a density: normalising it would make no sense. Raw values are shown.,This indicator is already a rate or a density: normalising it would make no sense. Raw values are shown.,Este indicador ya es una tasa o una densidad: normalizarlo no tendría sentido. Se muestran los valores brutos.,Este indicador ya es una tasa o una densidad: normalizarlo no tendría sentido. Se muestran los valores brutos.,relecture kreyòl
"Chaque chiffre porte son année de référence, sa source et son statut. Dépliez une carte pour la définition et la méthode.","Chaque chiffre porte son année de référence, sa source et son statut. Dépliez une carte pour la définition et la méthode.",,blocIndicateurs() L530,fiche,visible+impression,phrase,phrase,,,,oui,,oui,,"Chak chif pote ane referans li, sous li ak estati li. Louvri yon kat pou w wè definisyon an ak metòd la.","Chak chif pote ane referans li, sous li ak estati li. Louvri yon kat pou w wè definisyon an ak metòd la.","Every figure carries its reference year, its source and its status. Expand a card for the definition and the method.","Every figure carries its reference year, its source and its status. Expand a card for the definition and the method.","Cada cifra lleva su año de referencia, su fuente y su estado. Despliegue una tarjeta para ver la definición y el método.","Cada cifra lleva su año de referencia, su fuente y su estado. Despliegue una tarjeta para ver la definición y el método.",relecture kreyòl
"Chaque valeur affichée pour {n} porte son année de référence, sa source et sa méthode de calcul — de quoi les reprendre dans une méthodologie. {phrase}","Chaque valeur affichée pour {n} porte son année de référence, sa source et sa méthode de calcul — de quoi les reprendre dans une méthodologie. {phrase}",,jour() L186,jour,visible,phrase,phrase,n phrase,,,oui,,,,"Chak valè ki parèt pou {n} pote ane referans li, sous li ak jan yo kalkile l — tout sa w bezwen pou site yo nan yon metodoloji. {phrase}","Chak valè ki parèt pou {n} pote ane referans li, sous li ak jan yo kalkile l — tout sa w bezwen pou site yo nan yon metodoloji. {phrase}","Every value shown for {n} carries its reference year, its source and its calculation method — enough to cite in a methodology section. {phrase}","Every value shown for {n} carries its reference year, its source and its calculation method — enough to cite in a methodology section. {phrase}","Cada valor mostrado para {n} lleva su año de referencia, su fuente y su método de cálculo — lo suficiente para citarlos en una metodología. {phrase}","Cada valor mostrado para {n} lleva su año de referencia, su fuente y su método de cálculo — lo suficiente para citarlos en una metodología. {phrase}",relecture kreyòl
Code officiel (p-code OCHA),Code officiel (p-code OCHA),,blocTechnique() L627,fiche,visible,phrase,phrase,,,,oui,,,,Kòd ofisyèl (p-code OCHA),Kòd ofisyèl (p-code OCHA),Official code (OCHA p-code),Official code (OCHA p-code),Código oficial (p-code OCHA),Código oficial (p-code OCHA),relecture kreyòl
Comment ces chiffres sont établis,Comment ces chiffres sont établis,,jour() L201,jour,visible,phrase,phrase,,,,oui,,,,Kijan chif sa yo fèt,Kijan chif sa yo fèt,How these figures are established,How these figures are established,Cómo se establecen estas cifras,Cómo se establecen estas cifras,relecture kreyòl
Commune,Commune,,jour() L143,niveaux,visible,vocabulaire,phrase,,,,oui,,,,Komin,Komin,Commune,Commune,Comuna,Comuna,relecture kreyòl
Comparaison pleine ({n}),Comparaison pleine ({n}),,pret() L1217,chrome,visible,phrase,phrase,n,,,oui,,,,Konparezon an plen ({n}),Konparezon an plen ({n}),Comparison full ({n}),Comparison full ({n}),Comparación llena ({n}),Comparación llena ({n}),relecture kreyòl
Comparer,Comparer,,blocComparer() L609,fiche,visible,libelle,phrase,,,,oui,,,,Konpare,Konpare,Compare,Compare,Comparar,Comparar,relecture kreyòl
Comparer aux communes voisines,Comparer aux communes voisines,,jour() L167,jour,visible,phrase,phrase,,,,oui,,,,Konpare ak komin vwazen yo,Konpare ak komin vwazen yo,Compare with neighbouring communes,Compare with neighbouring communes,Comparar con las comunas vecinas,Comparar con las comunas vecinas,relecture kreyòl
Comparer les {n} premiers,Comparer les {n} premiers,,classement() L1083,classement,visible+impression,phrase,phrase,n,,,oui,,oui,,Konpare {n} premye yo,Konpare {n} premye yo,Compare the top {n},Compare the top {n},Comparar los {n} primeros,Comparar los {n} primeros,relecture kreyòl
Compléter le registre national — {lien},Compléter le registre national — {lien},,blocLacunes() L581,fiche,visible+impression,phrase,phrase,lien,,,oui,,oui,,Konplete rejis nasyonal la — {lien},Konplete rejis nasyonal la — {lien},Complete the national register — {lien},Complete the national register — {lien},Completar el registro nacional — {lien},Completar el registro nacional — {lien},relecture kreyòl
Copier le lien de cette comparaison,Copier le lien de cette comparaison,,rendreComparaison() L983,comparaison,visible+aria+impression,phrase,phrase,,,,oui,oui,oui,,Kopye lyen konparezon sa a,Kopye lyen konparezon sa a,Copy the link to this comparison,Copy the link to this comparison,Copiar el enlace de esta comparación,Copiar el enlace de esta comparación,relecture kreyòl
Copier le lien de cette fiche,Copier le lien de cette fiche,,blocResume() L392,fiche,visible+impression,phrase,phrase,,,,oui,,oui,,Kopye lyen fich sa a,Kopye lyen fich sa a,Copy the link to this profile,Copy the link to this profile,Copiar el enlace de esta ficha,Copiar el enlace de esta ficha,relecture kreyòl
Copier le lien de cette vue,Copier le lien de cette vue,,classement() L1085,classement,visible+impression,phrase,phrase,,,,oui,,oui,,Kopye lyen paj sa a,Kopye lyen paj sa a,Copy the link to this view,Copy the link to this view,Copiar el enlace de esta vista,Copiar el enlace de esta vista,relecture kreyòl
Couverture,Couverture,,classement() L1049,classement,visible+impression,libelle,phrase,,,,oui,,oui,,Kouvèti,Kouvèti,Coverage,Coverage,Cobertura,Cobertura,relecture kreyòl
Couverture.,Couverture.,,agregat() L789,agregat,visible+impression,libelle,phrase,,,,oui,,oui,,Kouvèti.,Kouvèti.,Coverage.,Coverage.,Cobertura.,Cobertura.,relecture kreyòl
"Deux identifiants coexistent : le p-code est le code officiel OCHA/CNIGS, utilisé par les acteurs humanitaires ; l'identifiant Atmart ne change jamais, même si la source renumérote, ce qui permet de suivre une entité dans le temps.","Deux identifiants coexistent : le p-code est le code officiel OCHA/CNIGS, utilisé par les acteurs humanitaires ; l'identifiant Atmart ne change jamais, même si la source renumérote, ce qui permet de suivre une entité dans le temps.",,blocTechnique() L640,fiche,visible,phrase,phrase,,,,oui,,,,"Gen de idantifyan k ap mache ansanm : p-code la se kòd ofisyèl OCHA/CNIGS la, se li moun imanitè yo sèvi ; idantifyan Atmart la pa janm chanje, menm lè sous la renimewote, konsa ou ka swiv yon antite atravè tan.","Gen de idantifyan k ap mache ansanm : p-code la se kòd ofisyèl OCHA/CNIGS la, se li moun imanitè yo sèvi ; idantifyan Atmart la pa janm chanje, menm lè sous la renimewote, konsa ou ka swiv yon antite atravè tan.","Two identifiers coexist: the p-code is the official OCHA/CNIGS code used by humanitarian actors; the Atmart identifier never changes, even if the source renumbers, which lets you track an entity over time.","Two identifiers coexist: the p-code is the official OCHA/CNIGS code used by humanitarian actors; the Atmart identifier never changes, even if the source renumbers, which lets you track an entity over time.","Coexisten dos identificadores: el p-code es el código oficial OCHA/CNIGS que usan los actores humanitarios; el identificador Atmart no cambia nunca, aunque la fuente renumere, lo que permite seguir una entidad a lo largo del tiempo.","Coexisten dos identificadores: el p-code es el código oficial OCHA/CNIGS que usan los actores humanitarios; el identificador Atmart no cambia nunca, aunque la fuente renumere, lo que permite seguir una entidad a lo largo del tiempo.",relecture kreyòl
Donnée non disponible,Donnée non disponible,,jour() L149,statuts,visible,vocabulaire,phrase,,,,oui,,,,Done a pa disponib,Done a pa disponib,Data not available,Data not available,Dato no disponible,Dato no disponible,relecture kreyòl
Découpage en vigueur depuis,Découpage en vigueur depuis,,blocTechnique() L630,fiche,visible,phrase,phrase,,,,oui,,,,Dekoupaj la an vigè depi,Dekoupaj la an vigè depi,Boundaries in force since,Boundaries in force since,División vigente desde,División vigente desde,relecture kreyòl
Définition.,Définition.,,blocIndicateurs() L546,fiche,visible+impression,libelle,phrase,,,,oui,,oui,,Definisyon.,Definisyon.,Definition.,Definition.,Definición.,Definición.,relecture kreyòl
Définitions et méthodes,Définitions et méthodes,,jour() L189,jour,visible,phrase,phrase,,,,oui,,,,Definisyon ak metòd,Definisyon ak metòd,Definitions and methods,Definitions and methods,Definiciones y métodos,Definiciones y métodos,relecture kreyòl
Département,Département,,jour() L143,niveaux,visible,vocabulaire,phrase,,,,oui,,,,Depatman,Depatman,Department,Department,Departamento,Departamento,relecture kreyòl
Elle compte {sec} sections communales et {loc} localités référencées.,Elle compte {sec} sections communales et {loc} localités référencées.,Elle compte {sec} section communale et {loc} localités référencées.,synthese() L369,fiche,visible,phrase,phrase,loc sec,oui,,oui,,,,Li gen {sec} seksyon kominal ak {loc} lokalite ki anrejistre.,Li gen {sec} seksyon kominal ak {loc} lokalite ki anrejistre.,It has {sec} communal sections and {loc} recorded localities.,It has {sec} communal section and {loc} recorded localities.,Cuenta con {sec} secciones comunales y {loc} localidades registradas.,Cuenta con {sec} sección comunal y {loc} localidades registradas.,relecture kreyòl
Elle compte {sec} sections communales.,Elle compte {sec} sections communales.,Elle compte {sec} section communale.,synthese() L372,fiche,visible,phrase,phrase,sec,oui,,oui,,,,Li gen {sec} seksyon kominal.,Li gen {sec} seksyon kominal.,It has {sec} communal sections.,It has {sec} communal section.,Cuenta con {sec} secciones comunales.,Cuenta con {sec} sección comunal.,relecture kreyòl
"Essayez un nom de commune, un p-code (HT0121) ou un identifiant Atmart.","Essayez un nom de commune, un p-code (HT0121) ou un identifiant Atmart.",,afficherResultats() L288,recherche,visible+aria,phrase,phrase,,,,oui,oui,,,"Eseye yon non komin, yon p-code (HT0121) oswa yon idantifyan Atmart.","Eseye yon non komin, yon p-code (HT0121) oswa yon idantifyan Atmart.","Try a commune name, a p-code (HT0121) or an Atmart identifier.","Try a commune name, a p-code (HT0121) or an Atmart identifier.","Pruebe con un nombre de comuna, un p-code (HT0121) o un identificador Atmart.","Pruebe con un nombre de comuna, un p-code (HT0121) o un identificador Atmart.",relecture kreyòl
Explorer ma commune,Explorer ma commune,,jour() L194,jour,visible,phrase,phrase,,,,oui,,,,Gade komin pa m nan,Gade komin pa m nan,Explore my commune,Explore my commune,Explorar mi comuna,Explorar mi comuna,relecture kreyòl
Exporter ce classement (CSV),Exporter ce classement (CSV),,classement() L1081,classement,visible+impression,phrase,phrase,,,,oui,,oui,,Ekspòte klasman sa a (CSV),Ekspòte klasman sa a (CSV),Export this ranking (CSV),Export this ranking (CSV),Exportar este ranking (CSV),Exportar este ranking (CSV),relecture kreyòl
Exporter cet agrégat (CSV),Exporter cet agrégat (CSV),,agregat() L802,agregat,visible+impression,phrase,phrase,,,,oui,,oui,,Ekspòte chif ansanm sa a (CSV),Ekspòte chif ansanm sa a (CSV),Export this aggregate (CSV),Export this aggregate (CSV),Exportar este agregado (CSV),Exportar este agregado (CSV),relecture kreyòl
Exporter la comparaison (CSV),Exporter la comparaison (CSV),,rendreComparaison() L981,comparaison,visible+aria+impression,phrase,phrase,,,,oui,oui,oui,,Ekspòte konparezon an (CSV),Ekspòte konparezon an (CSV),Export the comparison (CSV),Export the comparison (CSV),Exportar la comparación (CSV),Exportar la comparación (CSV),relecture kreyòl
Fiche de {nom} affichée.,Fiche de {nom} affichée.,,fiche() L823,fiche,aria,phrase,phrase,nom,,,,oui,,,Men fich {nom}.,Men fich {nom}.,Profile for {nom} displayed.,Profile for {nom} displayed.,Ficha de {nom} mostrada.,Ficha de {nom} mostrada.,aucune
Fiche {version},Fiche {version},,blocResume() L402,fiche,visible+impression,libelle,phrase,version,,,oui,,oui,,Fich {version},Fich {version},Profile {version},Profile {version},Ficha {version},Ficha {version},relecture kreyòl
Financer la source manquante,Financer la source manquante,,blocLacunes() L590,fiche,visible+impression,phrase,phrase,,,,oui,,oui,,Finanse sous ki manke a,Finanse sous ki manke a,Fund the missing source,Fund the missing source,Financiar la fuente que falta,Financiar la fuente que falta,relecture kreyòl
Géo,Géo,,blocOrganisations() L662,admin,visible,libelle,phrase,,,,oui,,,,Jeyo,Jeyo,Geo,Geo,Geo,Geo,relecture kreyòl
Géométrie,Géométrie,,blocTechnique() L636,fiche,visible,libelle,phrase,,,,oui,,,,Jeyometri,Jeyometri,Geometry,Geometry,Geometría,Geometría,relecture kreyòl
Identifiant,Identifiant,,blocOrganisations() L662,admin,visible,libelle,phrase,,,,oui,,,,Idantifyan,Idantifyan,Identifier,Identifier,Identificador,Identificador,relecture kreyòl
Identifiant Atmart,Identifiant Atmart,,blocTechnique() L628,fiche,visible,libelle,phrase,,,,oui,,,,Idantifyan Atmart,Idantifyan Atmart,Atmart identifier,Atmart identifier,Identificador Atmart,Identificador Atmart,relecture kreyòl
Imprimer / PDF,Imprimer / PDF,,blocResume() L397,fiche,visible+impression,phrase,phrase,,,,oui,,oui,,Enprime / PDF,Enprime / PDF,Print / PDF,Print / PDF,Imprimir / PDF,Imprimir / PDF,relecture kreyòl
Indicateur,Indicateur,,blocLacunes() L574,fiche,visible+impression,libelle,phrase,,,,oui,,oui,,Endikatè,Endikatè,Indicator,Indicator,Indicador,Indicador,relecture kreyòl
Indicateurs documentés,Indicateurs documentés,,blocIndicateurs() L528,fiche,visible+impression,libelle,phrase,,,,oui,,oui,,Endikatè ki dokimante,Endikatè ki dokimante,Documented indicators,Documented indicators,Indicadores documentados,Indicadores documentados,relecture kreyòl
Informations techniques,Informations techniques,,blocTechnique() L639,fiche,visible,libelle,phrase,,,,oui,,,,Enfòmasyon teknik,Enfòmasyon teknik,Technical information,Technical information,Información técnica,Información técnica,relecture kreyòl
La population communale n'est pas encore intégrée : aucune des 192 entités n'en porte. Cet indicateur attend les estimations IHSI.,La population communale n'est pas encore intégrée : aucune des 192 entités n'en porte. Cet indicateur attend les estimations IHSI.,,jour() L210,lectures,visible,vocabulaire,phrase,,,,oui,,,,Nou poko antre popilasyon chak komin : okenn nan 192 antite yo pa gen chif sa a. N ap tann estimasyon IHSI yo.,Nou poko antre popilasyon chak komin : okenn nan 192 antite yo pa gen chif sa a. N ap tann estimasyon IHSI yo.,Commune-level population is not yet integrated: none of the 192 entities carries it. This reading is waiting on the IHSI estimates.,Commune-level population is not yet integrated: none of the 192 entities carries it. This reading is waiting on the IHSI estimates.,La población por comuna aún no está integrada: ninguna de las 192 entidades la tiene. Esta lectura espera las estimaciones del IHSI.,La población por comuna aún no está integrada: ninguna de las 192 entidades la tiene. Esta lectura espera las estimaciones del IHSI.,relecture kreyòl
"Le référentiel administratif en vigueur — CNIGS, publié par OCHA — compte {decompte}. D'autres référentiels haïtiens, dont les estimations démographiques récentes de l'IHSI, en dénombrent davantage.","Le référentiel administratif en vigueur — CNIGS, publié par OCHA — compte {decompte}. D'autres référentiels haïtiens, dont les estimations démographiques récentes de l'IHSI, en dénombrent davantage.",,pret() L1147,chrome,visible,phrase,phrase,decompte,,,oui,,,,"Baz referans administratif ki an vigè a — CNIGS, OCHA pibliye l — konte {decompte}. Gen lòt baz referans ayisyen, tankou dènye estimasyon popilasyon IHSI yo, ki konte plis.","Baz referans administratif ki an vigè a — CNIGS, OCHA pibliye l — konte {decompte}. Gen lòt baz referans ayisyen, tankou dènye estimasyon popilasyon IHSI yo, ki konte plis.","The administrative referential in force — CNIGS, published by OCHA — counts {decompte}. Other Haitian referentials, including the recent IHSI population estimates, count more.","The administrative referential in force — CNIGS, published by OCHA — counts {decompte}. Other Haitian referentials, including the recent IHSI population estimates, count more.","El referencial administrativo vigente — CNIGS, publicado por OCHA — cuenta {decompte}. Otros referenciales haitianos, incluidas las estimaciones demográficas recientes del IHSI, cuentan más.","El referencial administrativo vigente — CNIGS, publicado por OCHA — cuenta {decompte}. Otros referenciales haitianos, incluidas las estimaciones demográficas recientes del IHSI, cuentan más.",relecture kreyòl
"Le {lien} permet de situer n'importe quel territoire sur un indicateur, et d'exporter le tableau.","Le {lien} permet de situer n'importe quel territoire sur un indicateur, et d'exporter le tableau.",,blocComparer() L619,fiche,visible,phrase,phrase,lien,,,oui,,,,"{lien} pèmèt ou wè kote nenpòt teritwa chita sou yon endikatè, epi ekspòte tablo a.","{lien} pèmèt ou wè kote nenpòt teritwa chita sou yon endikatè, epi ekspòte tablo a.","The {lien} lets you place any territory on an indicator, and export the table.","The {lien} lets you place any territory on an indicator, and export the table.",El {lien} permite situar cualquier territorio en un indicador y exportar la tabla.,El {lien} permite situar cualquier territorio en un indicador y exportar la tabla.,relecture kreyòl
Lecture :,Lecture :,,classement() L1034,classement,visible+impression,libelle,phrase,,,,oui,,oui,,Ki jan pou li l :,Ki jan pou li l :,Reading:,Reading:,Lectura:,Lectura:,relecture kreyòl
Lecture.,Lecture.,,blocIndicateurs() L557,fiche,visible+impression,libelle,phrase,,,,oui,,oui,,Ki jan pou li l.,Ki jan pou li l.,How to read it.,How to read it.,Cómo leerlo.,Cómo leerlo.,relecture kreyòl
Les autres communes de l'arrondissement {arr_de} :,Les autres communes de l'arrondissement {arr_de} :,,blocComparer() L612,fiche,visible,phrase,phrase,arr_de,,oui,oui,,,,Lòt komin nan awondisman {arr} yo :,Lòt komin nan awondisman {arr} yo :,The other communes in {arr} arrondissement:,The other communes in {arr} arrondissement:,Las demás comunas del distrito de {arr}:,Las demás comunas del distrito de {arr}:,relecture kreyòl
Les données n'ont pas pu être chargées ({err}). Les fichiers restent téléchargeables depuis le {lien}.,Les données n'ont pas pu être chargées ({err}). Les fichiers restent téléchargeables depuis le {lien}.,,charger() L1388,charger,visible,phrase,phrase,err lien,,,oui,,,,Done yo pa t ka chaje ({err}). Ou toujou ka telechaje fichye yo nan {lien}.,Done yo pa t ka chaje ({err}). Ou toujou ka telechaje fichye yo nan {lien}.,The data could not be loaded ({err}). The files remain downloadable from the {lien}.,The data could not be loaded ({err}). The files remain downloadable from the {lien}.,No se pudieron cargar los datos ({err}). Los archivos siguen disponibles para descarga en el {lien}.,No se pudieron cargar los datos ({err}). Los archivos siguen disponibles para descarga en el {lien}.,relecture kreyòl
Les pourcentages sont {recalcules} — une moyenne des taux communaux donnerait le même poids à la plus petite commune qu'à la plus grande.,Les pourcentages sont {recalcules} — une moyenne des taux communaux donnerait le même poids à la plus petite commune qu'à la plus grande.,,agregat() L799,agregat,visible+impression,phrase,phrase,recalcules,,,oui,,oui,,Pousantaj yo {recalcules} — yon mwayèn to komin yo ta bay pi piti komin nan menm pwa ak pi gwo a.,Pousantaj yo {recalcules} — yon mwayèn to komin yo ta bay pi piti komin nan menm pwa ak pi gwo a.,Percentages are {recalcules} — averaging commune-level rates would give the smallest commune the same weight as the largest.,Percentages are {recalcules} — averaging commune-level rates would give the smallest commune the same weight as the largest.,Los porcentajes están {recalcules} — promediar las tasas comunales daría a la comuna más pequeña el mismo peso que a la más grande.,Los porcentajes están {recalcules} — promediar las tasas comunales daría a la comuna más pequeña el mismo peso que a la más grande.,relecture kreyòl
"Les sections communales, les localités et quartiers et les polygones existent dans le référentiel, mais l'édition publique s'arrête à la commune. Ils sont livrés avec le Pack Géo Haïti.","Les sections communales, les localités et quartiers et les polygones existent dans le référentiel, mais l'édition publique s'arrête à la commune. Ils sont livrés avec le Pack Géo Haïti.",,blocVerrou() L703,fiche,visible,phrase,phrase,,,,oui,,,,"Seksyon kominal yo, lokalite ak katye yo, ansanm ak polygòn yo egziste nan baz referans lan, men vèsyon piblik la kanpe nan nivo komin. Se ak Pack Géo Haïti a yo vini.","Seksyon kominal yo, lokalite ak katye yo, ansanm ak polygòn yo egziste nan baz referans lan, men vèsyon piblik la kanpe nan nivo komin. Se ak Pack Géo Haïti a yo vini.","Communal sections, localities and neighbourhoods, and polygons all exist in the referential, but the public edition stops at the commune. They ship with the Haiti Geo Pack.","Communal sections, localities and neighbourhoods, and polygons all exist in the referential, but the public edition stops at the commune. They ship with the Haiti Geo Pack.","Las secciones comunales, las localidades y barrios y los polígonos existen en el referencial, pero la edición pública se detiene en la comuna. Se entregan con el Pack Geo Haití.","Las secciones comunales, las localidades y barrios y los polígonos existen en el referencial, pero la edición pública se detiene en la comuna. Se entregan con el Pack Geo Haití.",relecture kreyòl
Les totaux ne portent que sur les communes où la donnée existe : additionner des absences reviendrait à les compter pour zéro.,Les totaux ne portent que sur les communes où la donnée existe : additionner des absences reviendrait à les compter pour zéro.,,agregat() L798,agregat,visible+impression,phrase,phrase,,,,oui,,oui,,"Total yo konte sèlman komin kote done a egziste : si nou te adisyone sa ki manke yo, se konte nou t ap konte yo pou zewo.","Total yo konte sèlman komin kote done a egziste : si nou te adisyone sa ki manke yo, se konte nou t ap konte yo pou zewo.",Totals cover only the communes where the data exists: adding up absences would amount to counting them as zero.,Totals cover only the communes where the data exists: adding up absences would amount to counting them as zero.,Los totales solo abarcan las comunas donde el dato existe: sumar ausencias equivaldría a contarlas como cero.,Los totales solo abarcan las comunas donde el dato existe: sumar ausencias equivaldría a contarlas como cero.,relecture kreyòl
"Les écoles, centres de santé et marchés nommés sont identifiés et rattachés à leur territoire ; leur couverture reste partielle, ils seront ouverts quand les registres nationaux seront complets.","Les écoles, centres de santé et marchés nommés sont identifiés et rattachés à leur territoire ; leur couverture reste partielle, ils seront ouverts quand les registres nationaux seront complets.",,blocVerrou() L705,fiche,visible,phrase,phrase,,,,oui,,,,"Lekòl, sant sante ak mache yo gen non yo, nou konnen nan ki teritwa yo ye ; men kouvèti a poko konplè, n ap louvri yo lè rejis nasyonal yo fin konplè.","Lekòl, sant sante ak mache yo gen non yo, nou konnen nan ki teritwa yo ye ; men kouvèti a poko konplè, n ap louvri yo lè rejis nasyonal yo fin konplè.","Named schools, health centres and markets are identified and attached to their territory; their coverage is still partial, and they will open up once the national registers are complete.","Named schools, health centres and markets are identified and attached to their territory; their coverage is still partial, and they will open up once the national registers are complete.","Las escuelas, centros de salud y mercados con nombre están identificados y vinculados a su territorio; su cobertura sigue siendo parcial y se abrirán cuando los registros nacionales estén completos.","Las escuelas, centros de salud y mercados con nombre están identificados y vinculados a su territorio; su cobertura sigue siendo parcial y se abrirán cuando los registros nacionales estén completos.",relecture kreyòl
Licence institutionnelle,Licence institutionnelle,,jour() L167,jour,visible,libelle,phrase,,,,oui,,,,Lisans pou enstitisyon,Lisans pou enstitisyon,Institutional licence,Institutional licence,Licencia institucional,Licencia institucional,relecture kreyòl
Lien copié ✓,Lien copié ✓,,pret() L1208,chrome,visible,phrase,phrase,,,,oui,,,,Lyen an kopye ✓,Lyen an kopye ✓,Link copied ✓,Link copied ✓,Enlace copiado ✓,Enlace copiado ✓,relecture kreyòl
Limite :,Limite :,,classement() L1035,classement,visible+impression,libelle,phrase,,,,oui,,oui,,Limit :,Limit :,Limitation:,Limitation:,Limitación:,Limitación:,relecture kreyòl
Limites.,Limites.,,blocIndicateurs() L555,fiche,visible+impression,libelle,phrase,,,,oui,,oui,,Limit.,Limit.,Limitations.,Limitations.,Limitaciones.,Limitaciones.,relecture kreyòl
Localité,Localité,,jour() L143,niveaux,visible,vocabulaire,phrase,,,,oui,,,,Lokalite,Lokalite,Locality,Locality,Localidad,Localidad,relecture kreyòl
Millésime {an},Millésime {an},,blocIndicateurs() L540,fiche,visible+impression,libelle,phrase,an,,,oui,,oui,,Ane referans {an},Ane referans {an},Reference year {an},Reference year {an},Año de referencia {an},Año de referencia {an},relecture kreyòl
Millésime {an}.,Millésime {an}.,,classement() L1032,classement,visible+impression,libelle,phrase,an,,,oui,,oui,,Ane referans {an}.,Ane referans {an}.,Reference year {an}.,Reference year {an}.,Año de referencia {an}.,Año de referencia {an}.,relecture kreyòl
Méthode,Méthode,,blocTechnique() L638,fiche,visible,libelle,phrase,,,,oui,,,,Metòd,Metòd,Method,Method,Método,Método,relecture kreyòl
Méthode.,Méthode.,,blocIndicateurs() L547,fiche,visible+impression,libelle,phrase,,,,oui,,oui,,Metòd.,Metòd.,Method.,Method.,Método.,Método.,relecture kreyòl
Niveau de qualité,Niveau de qualité,,blocTechnique() L632,fiche,visible,phrase,phrase,,,,oui,,,,Nivo kalite,Nivo kalite,Quality level,Quality level,Nivel de calidad,Nivel de calidad,relecture kreyòl
Niveaux territoriaux mélangés.,Niveaux territoriaux mélangés.,,rendreComparaison() L936,comparaison,visible+aria+impression,phrase,phrase,,,,oui,oui,oui,,Nivo teritoryal melanje.,Nivo teritoryal melanje.,Mixed territorial levels.,Mixed territorial levels.,Niveles territoriales mezclados.,Niveles territoriales mezclados.,relecture kreyòl
Nom,Nom,,blocOrganisations() L661,admin,visible,libelle,phrase,,,,oui,,,,Non,Non,Name,Name,Nombre,Nombre,relecture kreyòl
Organisations recensées,Organisations recensées,,blocOrganisations() L650,admin,visible,libelle,phrase,,,,oui,,,,Òganizasyon ki resanse,Òganizasyon ki resanse,Recorded organisations,Recorded organisations,Organizaciones registradas,Organizaciones registradas,relecture kreyòl
Organisations recensées — {n},Organisations recensées — {n},,blocOrganisations() L656,admin,visible,phrase,phrase,n,,,oui,,,,Òganizasyon ki resanse — {n},Òganizasyon ki resanse — {n},Recorded organisations — {n},Recorded organisations — {n},Organizaciones registradas — {n},Organizaciones registradas — {n},relecture kreyòl
Packs décisionnels,Packs décisionnels,,jour() L180,jour,visible,libelle,phrase,,,,oui,,,,Pakè pou pran desizyon,Pakè pou pran desizyon,Decision packs,Decision packs,Paquetes de decisión,Paquetes de decisión,relecture kreyòl
Part du total national,Part du total national,,jour() L210,lectures,visible,vocabulaire,phrase,,,,oui,,,,Pòsyon nan total peyi a,Pòsyon nan total peyi a,Share of the national total,Share of the national total,Proporción del total nacional,Proporción del total nacional,relecture kreyòl
Planifier les services publics,Planifier les services publics,,jour() L159,jour,visible,phrase,phrase,,,,oui,,,,Planifye sèvis piblik yo,Planifye sèvis piblik yo,Plan public services,Plan public services,Planificar los servicios públicos,Planificar los servicios públicos,relecture kreyòl
Pour 10 000 habitants — indisponible,Pour 10 000 habitants — indisponible,,jour() L210,lectures,visible,vocabulaire,phrase,,,,oui,,,,Pou chak 10 000 moun — nou poko genyen l,Pou chak 10 000 moun — nou poko genyen l,"Per 10,000 inhabitants — unavailable","Per 10,000 inhabitants — unavailable",Por 10 000 habitantes — no disponible,Por 10 000 habitantes — no disponible,relecture kreyòl
Pour 100 km²,Pour 100 km²,,jour() L210,lectures,visible,vocabulaire,phrase,,,,oui,,,,Pou chak 100 km²,Pou chak 100 km²,Per 100 km²,Per 100 km²,Por 100 km²,Por 100 km²,relecture kreyòl
Pourquoi ce nombre varie-t-il ?,Pourquoi ce nombre varie-t-il ?,,pret() L1152,chrome,visible,phrase,phrase,,,,oui,,,,Poukisa chif sa a chanje ?,Poukisa chif sa a chanje ?,Why does this number vary?,Why does this number vary?,¿Por qué varía esta cifra?,¿Por qué varía esta cifra?,relecture kreyòl
Pourquoi il manque,Pourquoi il manque,,blocLacunes() L575,fiche,visible+impression,phrase,phrase,,,,oui,,oui,,Poukisa l manke,Poukisa l manke,Why it is missing,Why it is missing,Por qué falta,Por qué falta,relecture kreyòl
Profil administratif de {n}. {phrase} Les données disponibles couvrent {themes}. {absents} indicateur reste à documenter sur cette commune.,Profil administratif de {n}. {phrase} Les données disponibles couvrent {themes}. {absents} indicateur reste à documenter sur cette commune.,,jour() L164,jour,visible,phrase,phrase,n phrase themes absents,,,oui,,,,Pwofil administratif {n}. {phrase} Done nou genyen yo kouvri {themes}. Gen {absents} endikatè ki poko dokimante nan komin sa a.,Pwofil administratif {n}. {phrase} Done nou genyen yo kouvri {themes}. Gen {absents} endikatè ki poko dokimante nan komin sa a.,Administrative profile of {n}. {phrase} The available data covers {themes}. {absents} indicator is still undocumented for this commune.,Administrative profile of {n}. {phrase} The available data covers {themes}. {absents} indicator is still undocumented for this commune.,Perfil administrativo de {n}. {phrase} Los datos disponibles cubren {themes}. Queda {absents} indicador por documentar en esta comuna.,Perfil administrativo de {n}. {phrase} Los datos disponibles cubren {themes}. Queda {absents} indicador por documentar en esta comuna.,relecture kreyòl
Profil administratif de {n}. {phrase} Les données disponibles couvrent {themes}. {absents} indicateurs restent à documenter sur cette commune.,Profil administratif de {n}. {phrase} Les données disponibles couvrent {themes}. {absents} indicateurs restent à documenter sur cette commune.,,jour() L163,jour,visible,phrase,phrase,n phrase themes absents,,,oui,,,,Pwofil administratif {n}. {phrase} Done nou genyen yo kouvri {themes}. Gen {absents} endikatè ki poko dokimante nan komin sa a.,Pwofil administratif {n}. {phrase} Done nou genyen yo kouvri {themes}. Gen {absents} endikatè ki poko dokimante nan komin sa a.,Administrative profile of {n}. {phrase} The available data covers {themes}. {absents} indicators are still undocumented for this commune.,Administrative profile of {n}. {phrase} The available data covers {themes}. {absents} indicators are still undocumented for this commune.,Perfil administrativo de {n}. {phrase} Los datos disponibles cubren {themes}. Quedan {absents} indicadores por documentar en esta comuna.,Perfil administrativo de {n}. {phrase} Los datos disponibles cubren {themes}. Quedan {absents} indicadores por documentar en esta comuna.,relecture kreyòl
Préparer un projet ou une intervention,Préparer un projet ou une intervention,,jour() L172,jour,visible,phrase,phrase,,,,oui,,,,Prepare yon pwojè oswa yon entèvansyon,Prepare yon pwojè oswa yon entèvansyon,Prepare a project or intervention,Prepare a project or intervention,Preparar un proyecto o una intervención,Preparar un proyecto o una intervención,relecture kreyòl
Registre des sources,Registre des sources,,jour() L191,jour,visible,phrase,phrase,,,,oui,,,,Rejis sous yo,Rejis sous yo,Source register,Source register,Registro de fuentes,Registro de fuentes,relecture kreyòl
Retirer {nom} de la comparaison,Retirer {nom} de la comparaison,,rendreComparaison() L914,comparaison,visible+aria+impression,phrase,phrase,nom,,,oui,oui,oui,,Retire {nom} nan konparezon an,Retire {nom} nan konparezon an,Remove {nom} from the comparison,Remove {nom} from the comparison,Quitar {nom} de la comparación,Quitar {nom} de la comparación,relecture kreyòl
Règle d'agrégation.,Règle d'agrégation.,,agregat() L786,agregat,visible+impression,libelle,phrase,,,,oui,,oui,,Règ pou rasanble.,Règ pou rasanble.,Aggregation rule.,Aggregation rule.,Regla de agregación.,Regla de agregación.,relecture kreyòl
Réaliser une recherche,Réaliser une recherche,,jour() L183,jour,visible,phrase,phrase,,,,oui,,,,Fè yon rechèch,Fè yon rechèch,Carry out research,Carry out research,Realizar una investigación,Realizar una investigación,relecture kreyòl
Référentiel géographique complet,Référentiel géographique complet,,jour() L179,jour,visible,phrase,phrase,,,,oui,,,,Baz referans jeyografik konplè a,Baz referans jeyografik konplè a,Full geographic referential,Full geographic referential,Referencial geográfico completo,Referencial geográfico completo,relecture kreyòl
Section communale,Section communale,,jour() L143,niveaux,visible,vocabulaire,phrase,,,,oui,,,,Seksyon kominal,Seksyon kominal,Communal section,Communal section,Sección comunal,Sección comunal,relecture kreyòl
Signalez-la,Signalez-la,,blocLacunes() L599,fiche,visible+impression,libelle,phrase,,,,oui,,oui,,Fè nou konnen,Fè nou konnen,Tell us about it,Tell us about it,Indíquenosla,Indíquenosla,relecture kreyòl
Source,Source,,blocTechnique() L633,fiche,visible,libelle,phrase,,,,oui,,,,Sous,Sous,Source,Source,Fuente,Fuente,relecture kreyòl
Source.,Source.,,blocIndicateurs() L550,fiche,visible+impression,libelle,phrase,,,,oui,,oui,,Sous.,Sous.,Source.,Source.,Fuente.,Fuente.,relecture kreyòl
Statut,Statut,,blocOrganisations() L661,admin,visible,libelle,phrase,,,,oui,,,,Estati,Estati,Status,Status,Estado,Estado,relecture kreyòl
Statut de la valeur,Statut de la valeur,,blocTechnique() L631,fiche,visible,phrase,phrase,,,,oui,,,,Estati valè a,Estati valè a,Value status,Value status,Estado del valor,Estado del valor,relecture kreyòl
Statut.,Statut.,,blocIndicateurs() L548,fiche,visible+impression,libelle,phrase,,,,oui,,oui,,Estati.,Estati.,Status.,Status.,Estado.,Estado.,relecture kreyòl
Type,Type,,blocOrganisations() L661,admin,visible,libelle,phrase,,,,oui,,,,Kalite,Kalite,Type,Type,Tipo,Tipo,relecture kreyòl
Télécharger les données libres,Télécharger les données libres,,jour() L200,jour,visible,phrase,phrase,,,,oui,,,,Telechaje done gratis yo,Telechaje done gratis yo,Download the open data,Download the open data,Descargar los datos abiertos,Descargar los datos abiertos,relecture kreyòl
Télécharger les {n} indicateurs de {nom} (CSV),Télécharger les {n} indicateurs de {nom} (CSV),Télécharger l'indicateur de {nom} (CSV),blocResume() L388,fiche,visible+impression,phrase,phrase,n nom,oui,,oui,,oui,,Telechaje {n} endikatè {nom} yo (CSV),Telechaje endikatè {nom} an (CSV),Download the {n} indicators for {nom} (CSV),Download the indicator for {nom} (CSV),Descargar los {n} indicadores de {nom} (CSV),Descargar el indicador de {nom} (CSV),relecture kreyòl
Une case vide n'est pas un zéro. Chaque ligne indique pourquoi la donnée manque et ce qui la débloquerait.,Une case vide n'est pas un zéro. Chaque ligne indique pourquoi la donnée manque et ce qui la débloquerait.,,blocLacunes() L571,fiche,visible+impression,phrase,phrase,,,,oui,,oui,,Yon kaz vid pa vle di zewo. Chak liy esplike poukisa done a manke ak sa ki ta debloke l.,Yon kaz vid pa vle di zewo. Chak liy esplike poukisa done a manke ak sa ki ta debloke l.,An empty cell is not a zero. Each row states why the data is missing and what would unlock it.,An empty cell is not a zero. Each row states why the data is missing and what would unlock it.,Una casilla vacía no es un cero. Cada fila indica por qué falta el dato y qué lo desbloquearía.,Una casilla vacía no es un cero. Cada fila indica por qué falta el dato y qué lo desbloquearía.,relecture kreyòl
Valeur agrégée par Atmart,Valeur agrégée par Atmart,,jour() L149,statuts,visible,vocabulaire,phrase,,,,oui,,,,Valè Atmart rasanble,Valè Atmart rasanble,Value aggregated by Atmart,Value aggregated by Atmart,Valor agregado por Atmart,Valor agregado por Atmart,relecture kreyòl
Valeur brute,Valeur brute,,jour() L210,lectures,visible,vocabulaire,phrase,,,,oui,,,,Valè brit,Valè brit,Raw value,Raw value,Valor bruto,Valor bruto,relecture kreyòl
Valeur estimée,Valeur estimée,,jour() L149,statuts,visible,vocabulaire,phrase,,,,oui,,,,Valè yo estime,Valè yo estime,Estimated value,Estimated value,Valor estimado,Valor estimado,relecture kreyòl
Valeur harmonisée,Valeur harmonisée,,jour() L149,statuts,visible,vocabulaire,phrase,,,,oui,,,,Valè yo mete daplon,Valè yo mete daplon,Harmonised value,Harmonised value,Valor armonizado,Valor armonizado,relecture kreyòl
Valeur interpolée,Valeur interpolée,,jour() L149,statuts,visible,vocabulaire,phrase,,,,oui,,,,Valè yo estime ant de dat,Valè yo estime ant de dat,Interpolated value,Interpolated value,Valor interpolado,Valor interpolado,relecture kreyòl
Valeur modélisée,Valeur modélisée,,jour() L149,statuts,visible,vocabulaire,phrase,,,,oui,,,,Valè yon modèl bay,Valè yon modèl bay,Modelled value,Modelled value,Valor modelizado,Valor modelizado,relecture kreyòl
Valeur observée,Valeur observée,,jour() L149,statuts,visible,vocabulaire,phrase,,,,oui,,,,Valè yo obsève,Valè yo obsève,Observed value,Observed value,Valor observado,Valor observado,relecture kreyòl
Version du référentiel,Version du référentiel,,blocTechnique() L629,fiche,visible,phrase,phrase,,,,oui,,,,Vèsyon baz referans lan,Vèsyon baz referans lan,Referential version,Referential version,Versión del referencial,Versión del referencial,relecture kreyòl
Voir ce qui reste à documenter,Voir ce qui reste à documenter,,jour() L168,jour,visible,phrase,phrase,,,,oui,,,,Wè sa ki poko dokimante,Wè sa ki poko dokimante,See what remains undocumented,See what remains undocumented,Ver lo que falta documentar,Ver lo que falta documentar,relecture kreyòl
Voir le Pack Géo,Voir le Pack Géo,,blocVerrou() L707,fiche,visible,phrase,phrase,,,,oui,,,,Wè Pack Géo a,Wè Pack Géo a,See the Geo Pack,See the Geo Pack,Ver el Pack Geo,Ver el Pack Geo,relecture kreyòl
Vouliez-vous dire :,Vouliez-vous dire :,,afficherResultats() L285,recherche,visible+aria,phrase,phrase,,,,oui,oui,,,Èske se sa w t ap chèche :,Èske se sa w t ap chèche :,Did you mean:,Did you mean:,¿Quiso decir:,¿Quiso decir:,relecture kreyòl
"Vous comparez des entités de tailles différentes — les valeurs brutes ne sont pas comparables telles quelles. Passez en {km2} ou en {part} pour une lecture juste, ou comparez des territoires de même niveau.","Vous comparez des entités de tailles différentes — les valeurs brutes ne sont pas comparables telles quelles. Passez en {km2} ou en {part} pour une lecture juste, ou comparez des territoires de même niveau.",,rendreComparaison() L936,comparaison,visible+aria+impression,phrase,phrase,km2 part,,,oui,oui,oui,,"W ap konpare antite ki pa gen menm gwosè — valè brit yo pa konparab konsa. Chanje pou {km2} oswa {part} pou yon lekti ki jis, oswa konpare teritwa ki nan menm nivo.","W ap konpare antite ki pa gen menm gwosè — valè brit yo pa konparab konsa. Chanje pou {km2} oswa {part} pou yon lekti ki jis, oswa konpare teritwa ki nan menm nivo.","You are comparing entities of different sizes — raw values are not comparable as they stand. Switch to {km2} or {part} for a fair reading, or compare territories at the same level.","You are comparing entities of different sizes — raw values are not comparable as they stand. Switch to {km2} or {part} for a fair reading, or compare territories at the same level.","Está comparando entidades de tamaños distintos — los valores brutos no son comparables tal cual. Cambie a {km2} o a {part} para una lectura justa, o compare territorios del mismo nivel.","Está comparando entidades de tamaños distintos — los valores brutos no son comparables tal cual. Cambie a {km2} o a {part} para una lectura justa, o compare territorios del mismo nivel.",relecture kreyòl
Vous disposez d'une source pour l'une de ces lignes ? {lien} — elle sera créditée au registre des sources.,Vous disposez d'une source pour l'une de ces lignes ? {lien} — elle sera créditée au registre des sources.,,blocLacunes() L596,fiche,visible+impression,phrase,phrase,lien,,,oui,,oui,,Ou gen yon sous pou youn nan liy sa yo ? {lien} — n ap mete non l nan rejis sous yo.,Ou gen yon sous pou youn nan liy sa yo ? {lien} — n ap mete non l nan rejis sous yo.,Do you have a source for one of these rows? {lien} — it will be credited in the source register.,Do you have a source for one of these rows? {lien} — it will be credited in the source register.,¿Dispone de una fuente para alguna de estas filas? {lien} — se acreditará en el registro de fuentes.,¿Dispone de una fuente para alguna de estas filas? {lien} — se acreditará en el registro de fuentes.,relecture kreyòl
Vue complète,Vue complète,,jour() L157,jour,visible,libelle,phrase,,,,oui,,,,Tout bagay,Tout bagay,Full view,Full view,Vista completa,Vista completa,relecture kreyòl
aucun thème,aucun thème,,synthese() L365,fiche,visible,libelle,phrase,,,,oui,,,,okenn tèm,okenn tèm,no theme,no theme,ningún tema,ningún tema,relecture kreyòl
autres communes du pays,autres communes du pays,,blocCarte() L494,carte,visible+aria,phrase,phrase,,,,oui,oui,,,lòt komin nan peyi a,lòt komin nan peyi a,other communes in the country,other communes in the country,otras comunas del país,otras comunas del país,relecture kreyòl
catalogue,catalogue,,charger() L1390,charger,visible,libelle,phrase,,,,oui,,,,katalòg la,katalòg la,catalogue,catalogue,catálogo,catálogo,relecture kreyòl
classement des {n} communes,classement des {n} communes,,blocComparer() L622,fiche,visible,phrase,phrase,n,,,oui,,,,klasman {n} komin yo,klasman {n} komin yo,ranking of the {n} communes,ranking of the {n} communes,ranking de las {n} comunas,ranking de las {n} comunas,relecture kreyòl
complétude {pct} %,complétude {pct} %,,blocResume() L405,fiche,visible+impression,phrase,phrase,pct,,,oui,,oui,,konplè {pct} %,konplè {pct} %,{pct} % complete,{pct} % complete,completitud {pct} %,completitud {pct} %,relecture kreyòl
disponible dans le Pack Géo,disponible dans le Pack Géo,,blocTechnique() L636,fiche,visible,phrase,phrase,,,,oui,,,,disponib nan Pack Géo a,disponib nan Pack Géo a,available in the Geo Pack,available in the Geo Pack,disponible en el Pack Geo,disponible en el Pack Geo,relecture kreyòl
données de {a} à {b},données de {a} à {b},,blocResume() L406,fiche,visible+impression,phrase,phrase,a b,,,oui,,oui,,done depi {a} rive {b},done depi {a} rive {b},data from {a} to {b},data from {a} to {b},datos de {a} a {b},datos de {a} a {b},relecture kreyòl
limites détaillées et polygones,limites détaillées et polygones,,blocCarte() L496,carte,visible+aria,phrase,phrase,,,,oui,oui,,,limit detaye ak polygòn,limit detaye ak polygòn,detailed boundaries and polygons,detailed boundaries and polygons,límites detallados y polígonos,límites detallados y polígonos,relecture kreyòl
millésimes différents,millésimes différents,,rendreComparaison() L954,comparaison,visible+aria+impression,libelle,phrase,,,,oui,oui,oui,,ane referans diferan,ane referans diferan,different reference years,different reference years,años de referencia distintos,años de referencia distintos,relecture kreyòl
mise à jour Atmart le {date},mise à jour Atmart le {date},,blocResume() L407,fiche,visible+impression,phrase,phrase,date,,,oui,,oui,,Atmart mete l ajou {date},Atmart mete l ajou {date},Atmart update on {date},Atmart update on {date},actualización de Atmart el {date},actualización de Atmart el {date},relecture kreyòl
moyenne non pondérée des {n} communes couvertes,moyenne non pondérée des {n} communes couvertes,,agreger() L762,agregat,visible+export,phrase,phrase,n,,,oui,,,oui,mwayèn senp sou {n} komin ki kouvri,mwayèn senp sou {n} komin ki kouvri,unweighted mean of the {n} covered communes,unweighted mean of the {n} covered communes,media no ponderada de las {n} comunas cubiertas,media no ponderada de las {n} comunas cubiertas,relecture kreyòl
méthodologie,méthodologie,,blocResume() L409,fiche,visible+impression,libelle,phrase,,,,oui,,oui,,metodoloji,metodoloji,methodology,methodology,metodología,metodología,relecture kreyòl
non documenté,non documenté,,rendreComparaison() L959,comparaison,visible+aria+impression,libelle,phrase,,,,oui,oui,oui,,poko dokimante,poko dokimante,not documented,not documented,no documentado,no documentado,relecture kreyòl
non incluse dans l'édition publique,non incluse dans l'édition publique,,blocTechnique() L636,fiche,visible,phrase,phrase,,,,oui,,,,li pa nan vèsyon piblik la,li pa nan vèsyon piblik la,not included in the public edition,not included in the public edition,no incluida en la edición pública,no incluida en la edición pública,relecture kreyòl
parrainable,parrainable,,blocLacunes() L582,fiche,visible+impression,libelle,phrase,,,,oui,,oui,,yon moun ka finanse l,yon moun ka finanse l,open to sponsorship,open to sponsorship,abierto a patrocinio,abierto a patrocinio,relecture kreyòl
qualité acceptable,qualité acceptable,,jour() L152,qualite,visible,vocabulaire,phrase,,,,oui,,,,kalite ki pase,kalite ki pase,acceptable quality,acceptable quality,calidad aceptable,calidad aceptable,relecture kreyòl
qualité limitée,qualité limitée,,jour() L152,qualite,visible,vocabulaire,phrase,,,,oui,,,,kalite ki fèb,kalite ki fèb,limited quality,limited quality,calidad limitada,calidad limitada,relecture kreyòl
qualité élevée,qualité élevée,,jour() L152,qualite,visible,vocabulaire,phrase,,,,oui,,,,bon jan kalite,bon jan kalite,high quality,high quality,calidad alta,calidad alta,relecture kreyòl
"recalculé sur les totaux, pas moyenné entre communes","recalculé sur les totaux, pas moyenné entre communes",,agreger() L758,agregat,visible+export,phrase,phrase,,,,oui,,,oui,"rekalkile sou total yo, se pa yon mwayèn ant komin","rekalkile sou total yo, se pa yon mwayèn ant komin","recalculated on the totals, not averaged across communes","recalculated on the totals, not averaged across communes","recalculado sobre los totales, no promediado entre comunas","recalculado sobre los totales, no promediado entre comunas",relecture kreyòl
recalculés sur les totaux,recalculés sur les totaux,,agregat() L800,agregat,visible+impression,phrase,phrase,,,,oui,,oui,,rekalkile sou total yo,rekalkile sou total yo,recalculated on the totals,recalculated on the totals,recalculados sobre los totales,recalculados sobre los totales,relecture kreyòl
relevée par Atmart le {date},relevée par Atmart le {date},,blocIndicateurs() L554,fiche,visible+impression,phrase,phrase,date,,,oui,,oui,,Atmart pran l {date},Atmart pran l {date},recorded by Atmart on {date},recorded by Atmart on {date},registrada por Atmart el {date},registrada por Atmart el {date},relecture kreyòl
ses {n} communes,ses {n} communes,sa commune,blocCarte() L479,carte,visible+aria,phrase,phrase,n,oui,,oui,oui,,,{n} komin li yo,komin li a,its {n} communes,its commune,sus {n} comunas,su comuna,relecture kreyòl
somme des communes couvertes,somme des communes couvertes,,agreger() L747,agregat,visible+export,phrase,phrase,,,,oui,,,oui,total komin ki kouvri yo,total komin ki kouvri yo,sum of the covered communes,sum of the covered communes,suma de las comunas cubiertas,suma de las comunas cubiertas,relecture kreyòl
somme sur {n} communes couvertes,somme sur {n} communes couvertes,somme sur {n} commune couverte,agreger() L751,agregat,visible+export,phrase,phrase,n,oui,,oui,,,oui,total sou {n} komin ki kouvri,total sou {n} komin ki kouvri,sum over {n} covered communes,sum over {n} covered commune,suma sobre {n} comunas cubiertas,suma sobre {n} comuna cubierta,relecture kreyòl
valeur officielle de l'entité,valeur officielle de l'entité,,agreger() L746,agregat,visible+export,phrase,phrase,,,,oui,,,oui,valè ofisyèl antite a,valè ofisyèl antite a,official value of the entity,official value of the entity,valor oficial de la entidad,valor oficial de la entidad,relecture kreyòl
"{dep} départements, {arr} arrondissements et {com} communes","{dep} départements, {arr} arrondissements et {com} communes",,pret() L1149,chrome,visible,phrase,phrase,dep arr com,,,oui,,,,"{dep} depatman, {arr} awondisman ak {com} komin","{dep} depatman, {arr} awondisman ak {com} komin","{dep} departments, {arr} arrondissements and {com} communes","{dep} departments, {arr} arrondissements and {com} communes","{dep} departamentos, {arr} distritos y {com} comunas","{dep} departamentos, {arr} distritos y {com} comunas",relecture kreyòl
{niveau} du département {dep_de},{niveau} du département {dep_de},,situe() L340,fiche,visible,phrase,phrase,niveau dep_de,,oui,oui,,,,{niveau} nan depatman {dep},{niveau} nan depatman {dep},{niveau} in {dep} department,{niveau} in {dep} department,{niveau} del departamento de {dep},{niveau} del departamento de {dep},relecture kreyòl
"{niveau} du département {dep_de}, arrondissement {arr_de}","{niveau} du département {dep_de}, arrondissement {arr_de}",,situe() L335,fiche,visible,phrase,phrase,niveau dep_de arr_de,,oui,oui,,,,"{niveau} nan depatman {dep}, awondisman {arr}","{niveau} nan depatman {dep}, awondisman {arr}","{niveau} in {dep} department, {arr} arrondissement","{niveau} in {dep} department, {arr} arrondissement","{niveau} del departamento de {dep}, distrito de {arr}","{niveau} del departamento de {dep}, distrito de {arr}",relecture kreyòl
"{nom} est située sur la carte d'Haïti, avec {famille}.","{nom} est située sur la carte d'Haïti, avec {famille}.",,blocCarte() L483,carte,visible+aria,phrase,phrase,nom famille,,,oui,oui,,,"Men kote {nom} ye sou kat Ayiti a, ansanm ak {famille}.","Men kote {nom} ye sou kat Ayiti a, ansanm ak {famille}.","{nom} located on the map of Haiti, together with {famille}.","{nom} located on the map of Haiti, together with {famille}.","{nom} situada en el mapa de Haití, junto con {famille}.","{nom} situada en el mapa de Haití, junto con {famille}.",relecture kreyòl
{nom} sur la carte d'Haïti : {famille} sont mises en évidence.,{nom} sur la carte d'Haïti : {famille} sont mises en évidence.,,blocCarte() L485,carte,visible+aria,phrase,phrase,nom famille,,,oui,oui,,,{nom} sou kat Ayiti a : nou make {famille}.,{nom} sou kat Ayiti a : nou make {famille}.,{nom} on the map of Haiti: {famille} are highlighted.,{nom} on the map of Haiti: {famille} are highlighted.,{nom} en el mapa de Haití: se destacan {famille}.,{nom} en el mapa de Haití: se destacan {famille}.,relecture kreyòl
{n} arrondissements,{n} arrondissements,{n} arrondissement,blocEnfants() L683,fiche,visible,libelle,phrase,n,oui,,oui,,,,{n} awondisman,{n} awondisman,{n} arrondissements,{n} arrondissement,{n} distritos,{n} distrito,relecture kreyòl
{n} arrondissements sans valeur,{n} arrondissements sans valeur,{n} arrondissement sans valeur,classement() L1015,classement,visible+impression,phrase,phrase,n,oui,,oui,,oui,,{n} awondisman san valè,{n} awondisman san valè,{n} arrondissements with no value,{n} arrondissement with no value,{n} distritos sin valor,{n} distrito sin valor,relecture kreyòl
{n} autres communes du même arrondissement,{n} autres communes du même arrondissement,{n} autre commune du même arrondissement,blocCarte() L477,carte,visible+aria,phrase,phrase,n,oui,,oui,oui,,,{n} lòt komin nan menm awondisman an,{n} lòt komin nan menm awondisman an,{n} other communes in the same arrondissement,{n} other commune in the same arrondissement,otras {n} comunas del mismo distrito,otra {n} comuna del mismo distrito,relecture kreyòl
{n} autres non affichées.,{n} autres non affichées.,{n} autre non affichée.,blocOrganisations() L670,admin,visible,phrase,phrase,n,oui,,oui,,,,{n} lòt ki pa parèt.,{n} lòt ki pa parèt.,{n} others not shown.,{n} other not shown.,{n} más sin mostrar.,{n} más sin mostrar.,relecture kreyòl
{n} autres — affinez par la recherche.,{n} autres — affinez par la recherche.,,blocEnfants() L693,fiche,visible,phrase,phrase,n,,,oui,,,,{n} lòt — sèvi ak rechèch la pou w presize.,{n} lòt — sèvi ak rechèch la pou w presize.,{n} more — narrow it down with the search box.,{n} more — narrow it down with the search box.,{n} más — afine con la búsqueda.,{n} más — afine con la búsqueda.,relecture kreyòl
{n} communes,{n} communes,{n} commune,blocEnfants() L684,fiche,visible,libelle,phrase,n,oui,,oui,,,,{n} komin,{n} komin,{n} communes,{n} commune,{n} comunas,{n} comuna,relecture kreyòl
{n} communes documentées,{n} communes documentées,{n} commune documentée,classement() L1060,classement,visible+impression,phrase,phrase,n,oui,,oui,,oui,,{n} komin ki dokimante,{n} komin ki dokimante,{n} documented communes,{n} documented commune,{n} comunas documentadas,{n} comuna documentada,relecture kreyòl
{n} communes sans valeur,{n} communes sans valeur,{n} commune sans valeur,classement() L1016,classement,visible+impression,phrase,phrase,n,oui,,oui,,oui,,{n} komin san valè,{n} komin san valè,{n} communes with no value,{n} commune with no value,{n} comunas sin valor,{n} comuna sin valor,relecture kreyòl
{n} communes sur {total} apportent une valeur.,{n} communes sur {total} apportent une valeur.,{n} commune sur {total} apporte une valeur.,agregat() L790,agregat,visible+impression,phrase,phrase,n total,oui,,oui,,oui,,{n} komin sou {total} bay yon valè.,{n} komin sou {total} bay yon valè.,{n} communes out of {total} contribute a value.,{n} commune out of {total} contributes a value.,{n} comunas de {total} aportan un valor.,{n} comuna de {total} aporta un valor.,relecture kreyòl
{n} départements sans valeur,{n} départements sans valeur,{n} département sans valeur,classement() L1013,classement,visible+impression,phrase,phrase,n,oui,,oui,,oui,,{n} depatman san valè,{n} depatman san valè,{n} departments with no value,{n} department with no value,{n} departamentos sin valor,{n} departamento sin valor,relecture kreyòl
{n} entités,{n} entités,{n} entité,blocEnfants() L687,fiche,visible,libelle,phrase,n,oui,,oui,,,,{n} antite,{n} antite,{n} entities,{n} entity,{n} entidades,{n} entidad,relecture kreyòl
{n} indicateurs comparent des millésimes différents,{n} indicateurs comparent des millésimes différents,{n} indicateur compare des millésimes différents,rendreComparaison() L972,comparaison,visible+aria+impression,phrase,phrase,n,oui,,oui,oui,oui,,{n} endikatè ap konpare ane referans ki diferan,{n} endikatè ap konpare ane referans ki diferan,{n} indicators compare different reference years,{n} indicator compares different reference years,{n} indicadores comparan años de referencia distintos,{n} indicador compara años de referencia distintos,relecture kreyòl
{n} localités,{n} localités,{n} localité,blocEnfants() L686,fiche,visible,libelle,phrase,n,oui,,oui,,,,{n} lokalite,{n} lokalite,{n} localities,{n} locality,{n} localidades,{n} localidad,relecture kreyòl
{n} organisations,{n} organisations,,pret() L1141,chrome,visible,libelle,phrase,n,,,oui,,,,{n} òganizasyon,{n} òganizasyon,{n} organisations,{n} organisations,{n} organizaciones,{n} organizaciones,relecture kreyòl
{n} sections communales,{n} sections communales,{n} section communale,blocEnfants() L685,fiche,visible,phrase,phrase,n,oui,,oui,,,,{n} seksyon kominal,{n} seksyon kominal,{n} communal sections,{n} communal section,{n} secciones comunales,{n} sección comunal,relecture kreyòl
{n} sources,{n} sources,{n} source,blocResume() L403,fiche,visible+impression,libelle,phrase,n,oui,,oui,,oui,,{n} sous,{n} sous,{n} sources,{n} source,{n} fuentes,{n} fuente,relecture kreyòl
{n} territoires trouvés.,{n} territoires trouvés.,{n} territoire trouvé.,afficherResultats() L296,recherche,visible+aria,phrase,phrase,n,oui,,oui,oui,,,Nou jwenn {n} teritwa.,Nou jwenn {n} teritwa.,{n} territories found.,{n} territory found.,{n} territorios encontrados.,{n} territorio encontrado.,relecture kreyòl
{rang} sur {total} communes documentées,{rang} sur {total} communes documentées,,blocIndicateurs() L543,fiche,visible+impression,phrase,phrase,rang total,,,oui,,oui,,{rang} sou {total} komin ki dokimante,{rang} sou {total} komin ki dokimante,{rang} of {total} documented communes,{rang} of {total} documented communes,{rang} de {total} comunas documentadas,{rang} de {total} comunas documentadas,relecture kreyòl
"{src}, publiée le {date}","{src}, publiée le {date}",,blocIndicateurs() L552,fiche,visible+impression,phrase,phrase,date src,,,oui,,oui,,"{src}, yo pibliye l {date}","{src}, yo pibliye l {date}","{src}, published on {date}","{src}, published on {date}","{src}, publicada el {date}","{src}, publicada el {date}",relecture kreyòl
"{strong} — l'écart peut venir du temps écoulé, pas du territoire. Les années sont sous chaque valeur.","{strong} — l'écart peut venir du temps écoulé, pas du territoire. Les années sont sous chaque valeur.","{strong} — l'écart peut venir du temps écoulé, pas du territoire. Les années sont sous chaque valeur.",rendreComparaison() L969,comparaison,visible+aria+impression,phrase,phrase,strong,oui,,oui,oui,oui,,"{strong} — diferans lan ka soti nan tan ki pase a, se pa nan teritwa a. Ane yo anba chak valè.","{strong} — diferans lan ka soti nan tan ki pase a, se pa nan teritwa a. Ane yo anba chak valè.",{strong} — the gap may come from elapsed time rather than from the territory. The years are shown under each value.,{strong} — the gap may come from elapsed time rather than from the territory. The years are shown under each value.,"{strong} — la diferencia puede venir del tiempo transcurrido, no del territorio. Los años aparecen debajo de cada valor.","{strong} — la diferencia puede venir del tiempo transcurrido, no del territorio. Los años aparecen debajo de cada valor.",relecture kreyòl
"{titre} — non couverts par la source de cet indicateur, donc absents du classement plutôt que placés en bas : {liste}.","{titre} — non couverts par la source de cet indicateur, donc absents du classement plutôt que placés en bas : {liste}.","{titre} — non couvert par la source de cet indicateur, donc absent du classement plutôt que placé en bas : {liste}.",classement() L1072,classement,visible+impression,phrase,phrase,liste titre,oui,,oui,,oui,,"{titre} — sous endikatè sa a pa kouvri yo, se poutèt sa yo pa nan klasman an olye pou yo ta anba : {liste}.","{titre} — sous endikatè sa a pa kouvri yo, se poutèt sa yo pa nan klasman an olye pou yo ta anba : {liste}.","{titre} — not covered by this indicator's source, so absent from the ranking rather than placed at the bottom: {liste}.","{titre} — not covered by this indicator's source, so absent from the ranking rather than placed at the bottom: {liste}.","{titre} — no cubiertos por la fuente de este indicador, por lo que quedan fuera del ranking en vez de situarse al final: {liste}.","{titre} — no cubierto por la fuente de este indicador, por lo que queda fuera del ranking en vez de situarse al final: {liste}.",relecture kreyòl
{t} territoires référencés · {c} communes documentées · {o} observations sourcées,{t} territoires référencés · {c} communes documentées · {o} observations sourcées,,pret() L1138,chrome,visible,phrase,phrase,t c o,,,oui,,,,{t} teritwa anrejistre · {c} komin dokimante · {o} obsèvasyon ki gen sous,{t} teritwa anrejistre · {c} komin dokimante · {o} obsèvasyon ki gen sous,{t} territories referenced · {c} communes documented · {o} sourced observations,{t} territories referenced · {c} communes documented · {o} sourced observations,{t} territorios registrados · {c} comunas documentadas · {o} observaciones con fuente,{t} territorios registrados · {c} comunas documentadas · {o} observaciones con fuente,relecture kreyòl
« {nd} » ne veut pas dire zéro : le territoire n'est pas couvert par la source de cet indicateur.,« {nd} » ne veut pas dire zéro : le territoire n'est pas couvert par la source de cet indicateur.,,rendreComparaison() L977,comparaison,visible+aria+impression,phrase,phrase,nd,,,oui,oui,oui,,« {nd} » pa vle di zewo : sous endikatè sa a pa kouvri teritwa a.,« {nd} » pa vle di zewo : sous endikatè sa a pa kouvri teritwa a.,“{nd}” does not mean zero: the territory is not covered by this indicator's source.,“{nd}” does not mean zero: the territory is not covered by this indicator's source.,«{nd}» no significa cero: el territorio no está cubierto por la fuente de este indicador.,«{nd}» no significa cero: el territorio no está cubierto por la fuente de este indicador.,relecture kreyòl
À quoi il sert,À quoi il sert,,blocLacunes() L574,fiche,visible+impression,phrase,phrase,,,,oui,,oui,,Pou ki sa l sèvi,Pou ki sa l sèvi,What it is for,What it is for,Para qué sirve,Para qué sirve,relecture kreyòl
🎓 Éducation,🎓 Éducation,,jour() L145,themes,visible,vocabulaire,phrase,,,,oui,,,,🎓 Edikasyon,🎓 Edikasyon,🎓 Education,🎓 Education,🎓 Educación,🎓 Educación,relecture kreyòl
🏥 Santé,🏥 Santé,,jour() L145,themes,visible,vocabulaire,phrase,,,,oui,,,,🏥 Sante,🏥 Sante,🏥 Health,🏥 Health,🏥 Salud,🏥 Salud,relecture kreyòl
📋 Qualité de la donnée,📋 Qualité de la donnée,,jour() L145,themes,visible,vocabulaire,phrase,,,,oui,,,,📋 Kalite done yo,📋 Kalite done yo,📋 Data quality,📋 Data quality,📋 Calidad del dato,📋 Calidad del dato,relecture kreyòl
🗺 Territoire,🗺 Territoire,,jour() L145,themes,visible,vocabulaire,phrase,,,,oui,,,,🗺 Teritwa,🗺 Teritwa,🗺 Territory,🗺 Territory,🗺 Territorio,🗺 Territorio,relecture kreyòl
🛒 Marchés,🛒 Marchés,,jour() L145,themes,visible,vocabulaire,phrase,,,,oui,,,,🛒 Mache,🛒 Mache,🛒 Markets,🛒 Markets,🛒 Mercados,🛒 Mercados,relecture kreyòl
